-- phpMyAdmin SQL Dump
-- version 3.5.1
-- http://www.phpmyadmin.net
--
-- Хост: 127.0.0.1
-- Время создания: Ноя 26 2017 г., 21:51
-- Версия сервера: 5.5.25
-- Версия PHP: 5.3.13

SET SQL_MODE="NO_AUTO_VALUE_ON_ZERO";
SET time_zone = "+00:00";


/*!40101 SET @OLD_CHARACTER_SET_CLIENT=@@CHARACTER_SET_CLIENT */;
/*!40101 SET @OLD_CHARACTER_SET_RESULTS=@@CHARACTER_SET_RESULTS */;
/*!40101 SET @OLD_COLLATION_CONNECTION=@@COLLATION_CONNECTION */;
/*!40101 SET NAMES utf8 */;

--
-- База данных: `news_cms`
--

-- --------------------------------------------------------

--
-- Структура таблицы `admin`
--

CREATE TABLE IF NOT EXISTS `admin` (
  `id` int(10) unsigned NOT NULL AUTO_INCREMENT,
  `username` varchar(255) NOT NULL,
  `password` varchar(255) NOT NULL,
  `permissions` int(10) unsigned NOT NULL DEFAULT '1',
  PRIMARY KEY (`id`)
) ENGINE=InnoDB  DEFAULT CHARSET=utf8 AUTO_INCREMENT=3 ;

--
-- Дамп данных таблицы `admin`
--

INSERT INTO `admin` (`id`, `username`, `password`, `permissions`) VALUES
(1, 'root', 'root', 1),
(2, 'admin', 'd41d8cd98f00b204e9800998ecf8427e', 1);

-- --------------------------------------------------------

--
-- Структура таблицы `news_category`
--

CREATE TABLE IF NOT EXISTS `news_category` (
  `id_category` tinyint(3) unsigned NOT NULL AUTO_INCREMENT,
  `name_category` varchar(30) NOT NULL,
  `position` int(10) unsigned NOT NULL DEFAULT '0',
  `hidden` tinyint(1) NOT NULL DEFAULT '0',
  PRIMARY KEY (`id_category`)
) ENGINE=InnoDB  DEFAULT CHARSET=utf8 AUTO_INCREMENT=5 ;

--
-- Дамп данных таблицы `news_category`
--

INSERT INTO `news_category` (`id_category`, `name_category`, `position`, `hidden`) VALUES
(1, 'спорт', 1, 0),
(2, 'політика', 2, 0),
(3, 'культура', 3, 0),
(4, 'топ', 5, 0);

--
-- Триггеры `news_category`
--
DROP TRIGGER IF EXISTS `max_position`;
DELIMITER //
CREATE TRIGGER `max_position` BEFORE INSERT ON `news_category`
 FOR EACH ROW BEGIN 
DECLARE max_value INT;

	SET max_value = (select MAX(`position`) from news_category) + 1;
        SET new.position = max_value;
END
//
DELIMITER ;

-- --------------------------------------------------------

--
-- Структура таблицы `news_commentary`
--

CREATE TABLE IF NOT EXISTS `news_commentary` (
  `id` int(10) unsigned NOT NULL AUTO_INCREMENT,
  `comm_text` text NOT NULL,
  `comm_author` varchar(30) NOT NULL,
  `comm_email` varchar(255) NOT NULL,
  `post_id` int(10) unsigned NOT NULL,
  `accepted` int(1) NOT NULL DEFAULT '0',
  `time_` datetime NOT NULL,
  PRIMARY KEY (`id`),
  KEY `post_id` (`post_id`)
) ENGINE=InnoDB  DEFAULT CHARSET=utf8 AUTO_INCREMENT=4 ;

--
-- Дамп данных таблицы `news_commentary`
--

INSERT INTO `news_commentary` (`id`, `comm_text`, `comm_author`, `comm_email`, `post_id`, `accepted`, `time_`) VALUES
(1, 'Добрий етнічний український гурт залюбки відвідав би їх концерт!', 'Віктор', 'wiktor@gmail.com', 51, 0, '2017-11-26 14:23:05'),
(2, 'Залюбки відвідала їх концерт , давно в нашому місті не було таких цікави речей', 'Анна', 'anna@gmail.com', 51, 0, '2017-11-26 14:25:48'),
(3, 'Зустріч сприйняли позитивно делегація котра прибула до її розгляду', 'Богдан', 'bohdan@mail.ru', 56, 0, '2017-11-26 15:03:11');

--
-- Триггеры `news_commentary`
--
DROP TRIGGER IF EXISTS `trig_count`;
DELIMITER //
CREATE TRIGGER `trig_count` AFTER INSERT ON `news_commentary`
 FOR EACH ROW begin
DECLARE updatecount INT;
  set updatecount = ( select count(*) from news_commentary where post_id = new.post_id );

update news_posts set post_commentary_count = updatecount where id = new.post_id;
  
end
//
DELIMITER ;

-- --------------------------------------------------------

--
-- Структура таблицы `news_posts`
--

CREATE TABLE IF NOT EXISTS `news_posts` (
  `id` int(10) unsigned NOT NULL AUTO_INCREMENT,
  `post_title` varchar(255) NOT NULL,
  `post_description` text NOT NULL,
  `post_content` text NOT NULL,
  `post_date` date NOT NULL,
  `post_image` varchar(255) NOT NULL,
  `post_author` varchar(60) NOT NULL,
  `post_category` tinyint(4) unsigned NOT NULL,
  `post_commentary_count` int(10) unsigned NOT NULL DEFAULT '0',
  PRIMARY KEY (`id`),
  KEY `post_category` (`post_category`)
) ENGINE=InnoDB  DEFAULT CHARSET=utf8 AUTO_INCREMENT=61 ;

--
-- Дамп данных таблицы `news_posts`
--

INSERT INTO `news_posts` (`id`, `post_title`, `post_description`, `post_content`, `post_date`, `post_image`, `post_author`, `post_category`, `post_commentary_count`) VALUES
(46, 'Українці пробігли «Біг Незалежності» у Ряшеві. Дмитро Сирук фінішував третім', 'Ось вже п’ятий рік, 11 листопада, у Ряшеві проводиться десятикілометровий «Біг Незалежності». Цього року участь у забігу столицею Підкарпаття взяли 1600 спортсменів, а 1487 осіб добігли до мети. Це найбільша кількість учасниківза історію проведення заходу в Ряшеві.', '<p>Ось вже п&rsquo;ятий рік, 11 листопада, у Ряшеві проводиться десятикілометровий &laquo;Біг Незалежності&raquo;. Цього року участь у забігу столицею Підкарпаття взяли 1600 спортсменів, а 1487 осіб добігли до мети. Це найбільша кількість учасниківза історію проведення заходу в Ряшеві.</p>\r\n\r\n<p>Семеро українців взяло участь у забігу. Найкращий результат серед наших співвітчизників показав Дмитро Сирук. Він фінішував третім з понад 1400 учасників десятикілометрового забігу. Варто нагадати, що на весняному &laquo;Забігу під каштанами&raquo; у Києві Дмитро теж зайняв третє місце.</p>\r\n\r\n<p>Серед українок з найкращим результатом фінішувала 28-ою Наталя Семенович.</p>\r\n\r\n<ul>\r\n	<li>3 місце &mdash; Дмитро Сирук&mdash;Команда &laquo;MK LUCHES LKB RUDNIK&raquo;&mdash;31,23 хв.</li>\r\n	<li>28 місце &mdash; Наталя Семенович&mdash;Команда &laquo;36/00&raquo;&mdash;36,43 хв.</li>\r\n	<li>56 місце &mdash; Ірина Масник&mdash;Команда &laquo;Runklub Shypshyna Tarnopol&raquo;&mdash;38,25 хв.</li>\r\n	<li>95 місце&mdash; Микола Баглай&mdash;Команда &laquo;HASBORG&raquo;&mdash;40,34 хв.</li>\r\n	<li>433 місце &mdash; Марія Островська&mdash;Команда &laquo;ABU FENIX&raquo;&mdash;46,41 хв.</li>\r\n	<li>467 місце &mdash; Іван Ірущак&mdash;Команда &laquo;ABU FENIX&raquo;&mdash;47,04 хв.</li>\r\n	<li>1131 місце &mdash; Тарас Боднар&mdash;Команда &laquo;HASBORG&raquo;&mdash;58,22 хв.</li>\r\n</ul>\r\n\r\n<p>Микола Баглай з Львівщини вже давно бігає, хоча, як говорить, цього року до &bdquo;Бігу Незалежності&rdquo; не готувався.</p>\r\n\r\n<p><strong><em>&laquo;Чудова атмосфера, погода майже ідеальна. Цього року мені вдалося зібрати групу моїх друзів і співробітників &mdash; загалом нас було десятеро. Я задоволений своїм результатом, хоча це не був мій найкращий час. Вдалося показати максимум, попри те, що я не був готовий. Після півмарафону у Львові я не тренувався, розраховував на результат нижчий за 40 хвилин, але вийшло навпаки. Нічого, будемо готуватися&raquo;, &mdash; говорить Микола.</em>&raquo;</strong></p>\r\n\r\n<p>Тарас Боднар фінішував останнім з українців, проте не засмучений результатом, це були лише його другі змагання.<br />\r\n&laquo;Біг з задоволенням, тому що це був мій другий такий забіг після львівського півмарафону, де було складніше через гори, бруківка. Дуже сподобалася атмосфера, адже ми бігли з колегами, багато емоцій&raquo;, &mdash; ділиться враженнями Тарас.</p>\r\n', '2017-11-11', 'files/P1160589-1024x575.jpg', 'Wladyslaw Cowma', 1, 0),
(47, 'Поляки взяли участь у репетиції маршу до Дня Незалежності', 'Вчора, 22 серпня, у Києві відбулася генеральна репетиція маршу до Дня Незалежності. До української армії долучилися війська Естонії, Польщі, Литви, США, Великої Британії, Молдови та Канади.', '<p>Вчора, 22 серпня, у Києві відбулася генеральна репетиція маршу до Дня Незалежності. До української армії долучилися війська Естонії, Польщі, Литви, США, Великої Британії, Молдови та Канади.</p>\r\n\r\n<p>Нагадаємо, 24 серпня війська деяких країн-членів НАТО разом з ЗСУ візьмуть участь у святкування Дня Незалежності України в Києві.</p>\r\n', '2017-08-23', 'files/P1160074-1024x575.jpg', 'Wladyslaw Cowma', 3, 0),
(48, 'Чим запам’ятався День Польського Війська українцям?', 'Вчора, 15 серпня, у Польщі святкували День Польського Війська. У декількох містах українці брали участь у заходах присвячених річниці Варшавської битви 1920 року.\r\n', '<p>Вчора, 15 серпня, у Польщі святкували День Польського Війська. У декількох містах українці брали участь у заходах присвячених річниці Варшавської битви 1920 року.</p>\r\n\r\n<p>У переддень Дня Польського Війська під Варшавою на кладовищі у Повьонзках відбулося покладання квітів до могил польських військових. На заході був присутній Міністр оборони України Степан Полторак.</p>\r\n\r\n<blockquote>\r\n<p>97&nbsp;років минуло від часу, коли ми&nbsp;захистили Євопу від більшовицької навали. Були з&nbsp;нами тоді і&nbsp;українські військові. Дякую, що&nbsp;ви&nbsp;тут пане генерал Полторак. Ми&nbsp;дуже раді, дуже раді так, коли з&nbsp;нами був отаман Петлюра. Коли був з&nbsp;нами генерал Безручко, який боронив разом з&nbsp;польськими солдатами польські міста&raquo;, &ndash;&nbsp;<a href="https://www.youtube.com/watch?v=u8Xh6sLzKsU" rel="noopener" target="_blank">звертався&nbsp;</a>до Полторака Міністр оборони Польщі Антоні Мацеревич.</p>\r\n</blockquote>\r\n\r\n<p>15 серпня у декількох містах Польщі, де знаходяться могили військових Української Народної Республіки, відбулися покладання квітів. Зокрема у Любліні на&nbsp;місцевому&nbsp;православному кладовищі громадські та політичні діячі Польщі і України відвідали місця місця поховань солдат Петлюри.</p>\r\n\r\n<p>&laquo;Деякі військові Української Народної Республіки після перемоги над більшовиками оселилися і прожили своє життя у Любліні&raquo;, &ndash; повідомив Кшиштоф Становський, польський громадський діяч.</p>\r\n\r\n<p>В Любліні зібралися поляки і українці вшанувати пам&rsquo;ять союзників</p>\r\n\r\n<p>В день святкування Дня Польського Війська Міністр Полторак провів переговори з Міністром оборони Польщі Мацеревичем.</p>\r\n\r\n<p>&laquo;Під час зустрічі поінформував Міністра національної оборони Республіки Польща про ситуацію в Донецькій та Луганській областях, про загрози, які існують зі сторони Російської Федерації&raquo;, &ndash;&nbsp;<a href="https://www.facebook.com/generalpoltorak/posts/807220799446258" rel="noopener" target="_blank">повідомили&nbsp;</a>на сторінці міністра у Facebook.</p>\r\n\r\n<p>&laquo;Росія продовжує ігнорувати мінські домовленості&raquo;, &ndash; Мацеревич</p>\r\n\r\n<p>Зокрема міністри розглянули питання про посилення співпраці між Збройними Силами України та Польщі у сфері військово-технічного співробітництва, подальшого розвитку і навчання литовсько-польсько-української бригади.</p>\r\n\r\n<p>Українська громада і посол Андрій Дещиця поклали квіти до могили генерала-хорунжого Марка Безручка та воїнів армії УНР. Також у покладанні взяв участь&nbsp;Міністр оборони Степан Полторак та Антоні Мацаревич.&nbsp;</p>\r\n\r\n<p>&laquo;Наш обов&rsquo;язок пам&rsquo;ятати подвиги Героїв, вшановувати патріотів минулого й не забувати про сучасних українських патріотів, які тепер захищають рідну землю&raquo;, &ndash;&nbsp;<a href="https://www.facebook.com/generalpoltorak/posts/807229092778762" rel="noopener" target="_blank">написали&nbsp;</a>на сторінці Міністра Полторака.</p>\r\n\r\n<p>О 12 годині (за Варшавою) розпочався парад присвячений 97-річниці з дня перемоги у 1920 році над більшовиками. Тоді в лавах польської армії служили солдати Петлюри. Зокрема під командуванням полковника Марка Безручки армія УНР обороняла місто Замостя.&nbsp;Прапороносна група військовослужбовців Збройних Сил України взяла участь у параді.<br />\r\nБули також присутні прапороносці інших союзних країн Польщі у війні з більшовиками: Хорватії, Італії, Литви, Естонії, Німеччини та інших.</p>\r\n\r\n<p>Раніше ПРОстір повідомляв про&nbsp;<a href="http://prostir.pl/2017/08/%D0%B7%D0%B2%D0%B5%D1%80%D0%BD%D0%B5%D0%BD%D0%BD%D1%8F-%D0%B4%D0%BE-%D1%83%D0%BA%D1%80%D0%B0%D1%97%D0%BD%D1%86%D1%96%D0%B2-%D0%BF%D0%BE%D0%BB%D1%8C%D1%89%D1%96-%D0%B2%D0%B0%D1%80%D1%82%D0%BE-%D0%BF/" rel="noopener" target="_blank">&laquo;звернення до українців Польщі: Варто пам&rsquo;ятати, що воїни Армії УНР і Польщі не дозволили прорватися більшовикам&raquo;.</a></p>\r\n\r\n<p>Нагадаємо, що 24 серпня у параді до Дня Незалежності у Києві візьмуть участь польські військові. Також до столиці прибуде Міністр Антоні Мацеревич.</p>\r\n', '2017-08-16', 'files/зсу.jpg', 'Wladyslaw Cowma', 2, 0),
(49, 'Прокуратура не побачила зневаги до українців у словах Цейровського про «ґвалтівників і різників»', 'Войцех Цейровський в ефірі «Радіо Кошлалін» назвав українців ґвалтівниками і різниками. Він вважає, що це відноситься до усіх українців. Прокуратура відкрила провадження, після чого визнала, що у виловлюванні Цейровського не мали зневажливого підґрунтя.', '<p>Войцех Цейровський в ефірі &laquo;Радіо Кошлалін&raquo; назвав українців ґвалтівниками і різниками. Він вважає, що це відноситься до усіх українців. Прокуратура відкрила провадження, після чого визнала, що у виловлюванні Цейровського не мали зневажливого підґрунтя.&nbsp;Про це&nbsp;<a href="https://oko.press/cejrowski-wszyscy-ukraincy-gwalciciele-rzeznicy-prokuratura-zniewazanie/" rel="noopener" target="_blank">повідомило</a>&nbsp;інтернет-видання &laquo;OKKO.press&raquo;.</p>\r\n\r\n<p>Підозра про порушення польського Карного Кодексу міститься у статті 257, де йдеться: &laquo;Той, хто висловлює публічно своє зневажливе ставлення до групи людей чи особи через її/їх національної приналежності, або з тієї самої причини порушує національну, етнічну, расову, релігійну недоторканість, а також порушує фізичну недоторканість іншої особи, загрожує позбавлення волі до 3 років&raquo;.</p>\r\n\r\n<blockquote>\r\n<p>Саме ці слова Цейровського, &ndash; пише інтернет-видання, &ndash; 15 жовтня 2016 року на &laquo;Радіо Кошалін&raquo; про &laquo;ґвалтівників і різників&raquo; у відношенні до усіх українців як найкраще передають всю суть статті 257 Карного Кодексу.</p>\r\n</blockquote>\r\n\r\n<p>Під кінець передачі, один з ведучих, запитав Цейровського про коментар на тему фільму &laquo;Волинь&raquo;, режисера Войчєха Смажовського.</p>\r\n\r\n<p>&laquo;Українці це ґвалтівники і різники!&raquo;, &ndash; відразу відповів гість передачі.</p>\r\n\r\n<p>&laquo;Але не всі, звісно&hellip;&raquo;, &ndash; намагався врятувати ситуацію ведучий.</p>\r\n\r\n<p>&laquo;Не впевнений, що не всі. Якщо мій брат є ґвалтівником і різником, а я через десятки років після того, як було скоєно волинську різанину, визнає, що він був героєм, то це мене робить ґвалтівником і різником&raquo;, &ndash; продовжував Цейровський.</p>\r\n\r\n<p>&laquo;Це значить, що мені не заважає той факт, що він був різником і різав людей. На ваше питання &laquo;чи всі українці?&raquo; &ndash; маю право стверджувати, що всі. Тому що жоден українець до сьогоднішнього дня не владнав цього питання&raquo;, &ndash; поставив крапку у розмові гість передачі.</p>\r\n\r\n<p>Після ефіру до прокуратури було подано відразу кілька заяв щодо скоєння злочину &ndash; між іншим написали їх &laquo;Об&rsquo;єднання Українців в Польщі&raquo; та Рафал Сушек, який сьогодні є членом організації &laquo;Громадяни РП&raquo;.</p>\r\n\r\n<p>Це перша серйозна помилка прокуратури &ndash; адже стаття, про яку йдеться, знаходиться в карному кодексі. Поведінка Цейровського&nbsp; має відразу зацікавити органи, а не тільки після подання заяв до прокуратури звичайних громадян.</p>\r\n\r\n<p>Нещодавно обидва позивачі отримали відповідь на свої заяви від Окружної Прокуратури в Щечінку. Прокурор вирішив закрити справу. Лист складався лише з декількох рядків, а пояснення було просте: &laquo;коментар не містить злочинного підґрунтя&raquo;.</p>\r\n\r\n<p>Вищезгадана стаття 257 написана зрозумілою мовою і навіть людина, яка не знається на праві може розпізнати у висловлюванні Цейровського його порушення. Адже коментар &laquo;українці це ґвалтівники і різники&raquo; можна вважати цілеспрямованою зневагою певної національної групи, як йдеться в статті.</p>\r\n\r\n<p>Також видання OKO.press направило свій лист до прокуратури з проханням про коментар щодо справи. На що отримали відповідь, що нічого нового не буде сказано, окрім того, що справа закрита. Прокурор, який вів справу вже не має доступу до кінцевого акту, тому що він вже був переданий до Районної Прокуратури в Кошаліні.</p>\r\n\r\n<p>Об&rsquo;єднання Українців в Варшаві оскаржив рішення прокуратури і чекає на його розгляд.</p>\r\n\r\n<p>Тим часом Третій Канал Польського Радіо оголосив про повернення до ефіру передачі Войцеха Цейровського. Після кількох років перерви він буде продовжувати вести авторську програму.</p>\r\n\r\n<p>Нагадаємо, що цього року вже сталося кілька злочинів на тлі ненависті (тобто заборонений вчинок мотивований упередженням щодо конкретних осіб &ndash; йдеться у польському законодавстві).</p>\r\n\r\n<p>Міністр Внутрішніх Справ Маріуш Блащак назвав серію таких злочинів &laquo;абзац абзаців&raquo;. У 2016 році було відкрито 1631 провадження у справі злочинів ненависті, 76% з них були закриті. Однин з минулорічних нападів&nbsp;<a href="http://prostir.pl/2016/11/%D0%BB%D1%8C%D0%B2%D1%96%D0%B2-%D1%86%D0%B5-%D0%BF%D0%BE%D0%BB%D1%8C%D1%81%D1%8C%D0%BA%D0%B5-%D0%BC%D1%96%D1%81%D1%82%D0%BE-%D1%83-%D1%80%D1%8F%D1%88%D0%B5%D0%B2%D1%96-%D0%B7/" rel="noopener" target="_blank">стався</a>&nbsp;у Ряшеві і почався із питання:&nbsp;&laquo;Львів це польське місто?&raquo;. А цьогоріч сталося вже три випадки, один з останніх&nbsp;<a href="http://prostir.pl/lifestyle/%D0%BF%D0%B5%D1%80%D0%B5%D0%BC%D0%B8%D1%88%D0%BB%D1%8C-%D0%BF%D0%B8%D0%BA%D1%83%D0%BB%D0%B8%D1%87%D1%96-%D1%85%D0%BE%D0%B4%D0%B0-%D1%89%D0%BE-%D0%B7%D0%B3%D1%83%D1%80%D1%82%D1%83%D0%B2%D0%B0/" rel="noopener" target="_blank">25 червня</a>, коли були затримані&nbsp;<a href="https://wiadomosci.wp.pl/incydent-w-przemyslu-zwierzchnik-grekokatolikow-potepil-zaklocenie-ukrainskiej-procesji-6027392347513473a" rel="noopener" target="_blank">23 особи</a>.</p>\r\n', '2017-07-10', 'files/IMG_5912-1024x683.jpg', 'Wladyslaw Cowma', 4, 0),
(50, 'Репортаж: Українці на фестивалі «Wschód Kultury» в Ряшеві ', '22-25 червня в Ряшеві пройшов фестиваль «Схід Культури». З музикою виступили «DrymbaDaDzyga», «5’nizza» та «Enej», з фільмом «Майдан» Сергей Лозниця і з танцями Микола Савка «Sapa» та інші.', '<p>22-25 червня в Ряшеві пройшов фестиваль &laquo;Схід Культури&raquo;. З музикою виступили&nbsp;&laquo;DrymbaDaDzyga&raquo;,&nbsp;&laquo;5&rsquo;nizza&raquo;&nbsp;та&nbsp;&laquo;Enej&raquo;, з фільмом &laquo;Майдан&raquo;&nbsp;Сергей Лозниця&nbsp;і з танцями&nbsp;Микола Савка &laquo;Sapa&raquo; та інші.</p>\r\n\r\n<p>В перший день відбулася презентація мультфільму &laquo;Ну, постривай!&raquo;, який полюбляє глядач пострадянської держави. Українські та польські студенти з цього приводу відкрили стенд присвячений історії мультфільму. Для жешовян подія теж стала нагодою згадати дитинство.</p>\r\n\r\n<p>&ndash; &ldquo;Звісно Вовк і заєць, відомий багатьом мультиплікаційний фільм. Колись в дитинстві ми з задоволенням дивилися його&rdquo;, &ndash; говорить мешканець Ряшева.</p>\r\n\r\n<p>Також у місцевому &laquo;Музеї Мультфільмів&raquo; протягом фесту відбувся показ серій мультфільму для дітей і не тільки.</p>\r\n\r\n<p>Ввечері, того ж дня, ряшовяни могли подивитися фільм режисера Сергія Лозниці &laquo;Майдан&raquo;, який був відзнятий і презентований у 2014 році. Для декого це був цікавий фільм, з якого можна було б багато винести, а дехто говорив про пропаганду. Фотограф Естера Кулявська оцінила фільм позитивно.</p>\r\n\r\n<p>&ndash; &ldquo;Сама ідея показання сцен без прикрас видається дуже продумана і об&rsquo;єктивна. Для мене з точки зору оператора і фотографа все було бездоганно&rdquo;, &ndash; зазначила мешканка Ряшева Кулявська.</p>\r\n\r\n<p>Історик Марчін Стоєцький підійшов до оцінки стрічки з іншого боку і звернув увагу на малу кількість червоно-чорних стягів, які були показані в об&rsquo;єкниві камери оператора фільму.</p>\r\n\r\n<p>&ndash; &ldquo;У фільмі не був відображений скрайний український націоналізм, який був тоді розповсюджений. Чорно-червоні прапори були всюди розвішані, а тут вони були викадровані і вирізані. Показані лише синьо-жовті стяги, хоча червоно-чорні теж з&rsquo;являються час від часу&rdquo;, &ndash; говорить мешканець Ряшева Стоєцький.</p>\r\n\r\n<p>Ввечері, 23 червня, відбувся головний коцерт фесту на стадіоні &laquo;Сталь&raquo;, який на час проведення події всі називають &laquo;Стадіоном Культури&raquo;. Як і щороку на ньому виступили зіркові дуети з різних країн світу, а також спеціально запрошеня зірка, якою цього року був британський &laquo;The Kooks&raquo;.</p>\r\n\r\n<p><img alt="" src="http://prostir.pl/wp-content/uploads/2017/07/%D0%A1%D0%A51.jpg" style="height:558px; width:993px" />В дуеті з поляком &laquo;Bednarek&raquo; виступив київський гурт &laquo;DrymbaDaDzyga&raquo;, а також польсько-український &laquo;Enej&raquo; заспівав з македонською духлвлю групою &bdquo;Dzambo Agusevi Orchestra&rdquo;.</p>\r\n\r\n<p><img alt="" src="http://prostir.pl/wp-content/uploads/2017/07/%D0%A1%D0%A52.jpg" style="height:557px; width:991px" /></p>\r\n\r\n<p>У суботу, 24 числа, місцеву публіку розважала харківська група &laquo;5&rsquo;nizza&raquo;. Учасники гурту Сергій Бабкін і Андрій Запорожець представили свого нового учасника &ndash; невідомого бас-гітариста, який виступав у масці. Вони виконали старі твори, як &laquo;Солдат&raquo;, але також репертуар з нового альбому &laquo;КУ!&raquo;.</p>\r\n', '2017-07-04', 'files/P1130663-1024x576.jpg', 'Wladyslaw Cowma', 3, 0),
(51, '«Panivalkova» виступить у Варшаві і Горайці: КОД ЗНИЖКИ!', 'Концерт у Варшаві відбудеться в Grizzly Gin Bar, ul. Wilcza 46, 9 липня, початок о 20:00, ЗНИЖКИ 10% НА ПАРОЛЬ: workabroad.ua АБО dobrypracownik.pl.', '<p>Київське тріо&nbsp;<a href="https://www.facebook.com/events/1694162337556749/?acontext=%7B%22ref%22%3A%2229%22%2C%22ref_notif_type%22%3A%22event_calendar_create%22%2C%22action_history%22%3A%22null%22%7D&amp;notif_t=event_calendar_create&amp;notif_id=1499124336820569">заграють</a>&nbsp;у варшавському пабі &laquo;Grizzly Gin Bar&raquo;, після чого&nbsp;<a href="https://www.facebook.com/events/1205677806162421/?acontext=%7B%22source%22%3A3%2C%22source_newsfeed_story_type%22%3A%22regular%22%2C%22action_history%22%3A%22%5b%7B%5C%22surface%5C%22%3A%5C%22newsfeed%5C%22%2C%5C%22mechanism%5C%22%3A%5C%22feed_story%5C%22%2C%5C%22extra_data%5C%22%3A%5b%5d%7D%5d%22%2C%22has_source%22%3Atrue%7D&amp;source=3&amp;source_newsfeed_story_type=regular&amp;action_history=%5b%7B%22surface%22%3A%22newsfeed%22%2C%22mechanism%22%3A%22feed_story%22%2C%22extra_data%22%3A%5b%5d%7D%5d&amp;has_source=1&amp;fref=mentions">завітають</a>на хутір Гораєць (біля Перемишля), де відбудеться фестиваль &laquo;Folkowisko&raquo;.</p>\r\n\r\n<p><strong>Концерт у Варшаві відбудеться в Grizzly Gin Bar, ul. Wilcza 46, 9 липня, початок о 20:00, ЗНИЖКИ 10% НА ПАРОЛЬ: workabroad.ua АБО dobrypracownik.pl.</strong></p>\r\n\r\n<p><img alt="" src="http://prostir.pl/wp-content/uploads/2017/07/18951519_762727637222350_8826874199831840111_n.jpg" style="height:344px; width:960px" /></p>\r\n\r\n<p>Свій творчий шлях &laquo;Panivalkova&raquo; почали у 2013 році з ініціативи однієї з учасниць тріо Іри Лузіної. Окрім основних інструментів вони використовують незвичні для українського слухача речі: гуїро, кастаньєти, Kazoo і вібросел та техніку майстерної гри на ключах. Співають українською, російською, іспанською, англійською та французькою.</p>\r\n\r\n<p>&laquo;Жіноче тріо в стилі тонкого мінімалізму і жанрового різноманіття мов. Наша музика &ndash; це вразливий мінімалізм, а тексти &ndash; комбінація старанності і блискучої іронії&raquo;, &ndash; &nbsp;так про себе говорять самі дівчата.</p>\r\n\r\n<p>Склад тріо: Ірина Кульшенко &nbsp;&ndash; клавіші, вокал, гармонь, укулеле, кастаньє;<br />\r\nДаша Пугачьова &ndash; барабани, перкусія, ОМ;</p>\r\n\r\n<p>Іра Лузіна &ndash; клавіші, вокал, укулеле, перкусія.</p>\r\n\r\n<p><strong>Етнофестиваль Folkowisko &ndash; це одна з найцікавіших культурних подій у східній Польщі.</strong>&nbsp;Захід проводитиметься у днях 13-16 липня у селі Гораєць серед мальовничих лісів Розточчя, між Львовом, Перемишлем і Любліном, на польсько-українському пограниччі.</p>\r\n\r\n<p>Невід&rsquo;ємною частиною етнофестивалю є відкриті уроки, майстер-класи та семінари-тренінги. Для любителів екстремальних пригод екають спортивні та туристичні походи, які дозволять краще ознайомитись з навколишньою місцевістю. Кожен охочий може покуштувати прості сільські страви, послухати цікаві легенди. Розважальна програма розточанської забави складається з концертів, майстер-класів, розвиваючих практик, ігор та захоплюючої експедицій для справжніх екстремалів. Захід організовано для людей, котрі цікавляться, туризмом, краєзнавством, історією, музикою і театром, а також залюбки пізнають інші культури, знайомляться з новими людьми, обмінюються досвідом.</p>\r\n\r\n<p>На фестивалі виступатимуть європейські зірки музики етно &mdash; Кароліна Ціха з Польщі, Вурай з Білорусі, Лі Ґаі Фарандоуіле з Франції, Лірвак, Panivalkova та Lemko Bluegrass Band з України.</p>\r\n', '2017-07-04', 'files/19601350_1382193548484780_6875736100929638392_n.jpg', 'Wladyslaw Cowma', 4, 2),
(52, '90 днів, як немає Федота з гурту Ґоґодзи Ґанскі', '2 квітня цього року помер улюбленець польської публіки, фронтмен гурту „Ґоґодзи Ґанскі” Андрій Федотов. За словами друзів, причиною смерті Федотова став серцевий напад. Сьогодні минає 90 днів, як музикант пішов з життя.\r\nВосени гурт завітав до Ряшева, де виступив в одному з університетів.', '<p>2 квітня цього року помер улюбленець польської публіки, фронтмен гурту &bdquo;Ґоґодзи Ґанскі&rdquo; Андрій Федотов. За словами друзів, причиною смерті Федотова став серцевий напад. Сьогодні минає 90 днів, як музикант пішов з життя.</p>\r\n\r\n<p>Андрій Федотов був одним із перших діджеїв в Івано-Франківську. До 2013 року був фронтменом гурту &bdquo;Перкалаба&rdquo;. Також грав у побічному проекті гурту &bdquo;Перкалабські придатки&rdquo;. Окрім цього, був ведучим на місцевій радіостанції &bdquo;Західний полюс&rdquo;.</p>\r\n\r\n<p>Останні роки &bdquo;Федот&rdquo; був солістом гурту &bdquo;Ґоґодзи Ґанскі&rdquo; &ndash; нового проекту колишніх музикантів &bdquo;Перкалаби&rdquo;. Вони грали&nbsp;традиційні гуцульські карпатські мелодії із домішками реггі, ска, фолку, клезмера і панка.&nbsp;Гурт записав і видав альбом, що включає 13 пісень.</p>\r\n\r\n<p>17 березня гурт &bdquo;Ґоґодзи Ґанскі&rdquo;&nbsp;<a href="https://youtu.be/ZKA7sM-f9_E" rel="noopener" target="_blank">дав концерт</a>&nbsp;у Києві, на якому Федот востаннє вийшов на сцену.</p>\r\n\r\n<p>6 квітня у &bdquo;Ґоґодзи Ґанскі&rdquo; був запланований концерт у Варшаві, який був відмінений. У травні Ґоґодзи продовжили виступи у Європі у чотирьохособовому складі і надалі продовжують грати у Польщі, Україні, Словаччині, Чехії та інших країнах.</p>\r\n', '2017-07-01', 'files/IMG_7122-1024x683.jpg', 'Wladyslaw Cowma', 3, 0);
INSERT INTO `news_posts` (`id`, `post_title`, `post_description`, `post_content`, `post_date`, `post_image`, `post_author`, `post_category`, `post_commentary_count`) VALUES
(53, 'Українці в футбольних командах Польщі: Валерій Соколенко, «Вьонзовніца»', 'В грудні минулого року Соколенко прийняв пропозицію стати граючим тренером команди з четвертої ліги «Вьонзовніци» (Wiązownica) з однойменного містечка на Підкарпатті. Сам Валерій є вихованцем чернігівського футболу і встиг пограти в українському, польському та німецькому чемпіонатах.', '<p><em>В грудні минулого року Соколенко прийняв пропозицію стати граючим тренером команди з четвертої ліги &laquo;Вьонзовніци&raquo; (Wiązownica) з однойменного містечка на Підкарпатті. Сам Валерій є вихованцем чернігівського футболу і встиг пограти в українському, польському та німецькому чемпіонатах. Про кар&rsquo;єру, родину і не тільки ПРОстір порозмовляв з футболістом.</em></p>\r\n\r\n<p>&nbsp;</p>\r\n\r\n<p><strong>Зараз Вам 34 роки, як на вашу думку оцінюєте на сьогодні свою кар&rsquo;єру футболіста?</strong></p>\r\n\r\n<p>Гадаю, що кар&rsquo;єра була успішною, я мав можливість пограти в Україні, Польщі та Німеччині. Можливо, кожен хотів би опинитися на моєму місці. Звісно, хотілося б трохи більше зіграти матчів, десь ще спробувати свої сили, але таке життя.</p>\r\n\r\n<p><strong>Після спроби себе в українському футболі ви потрапили до &laquo;Ґурніка&raquo; (Лечна), де грали протягом сезону. Як потрапили до Польщі і як звикали до польського футболу?</strong></p>\r\n\r\n<p>В Україні я починав грати на професійному рівні за &laquo;Бородянку&raquo;, бурштинський &laquo;Енергетик&raquo;. Після того, як закінчився контракт з &laquo;Енергетиком&raquo; я отримав пропозицію з Польщі &mdash; поїхати на перегляд до &laquo;Ґурніка&raquo;. Я сподобався тренеру і залишився. Швидко вивчив мову, яка є подібною до української і після двох зборів я вже добре знав польську.</p>\r\n\r\n<p><strong>В &laquo;Ґурніку&raquo; тоді виник корупційний скандал і ви перейшли до чернігівської &laquo;Десни&raquo;. Ви мали можливість залишитися в Польщі?</strong></p>\r\n\r\n<p>Так, клуб грав незрозуміло які матчі і їх понизили до нижчої ліги, тому я не хотів там залишатися. Міг залишитися в Польщі, була пропозиція від &laquo;Руху&raquo; з Хожува. Проте я не мав права грати ще 3-4 місяці, трансферне вікно тоді було вже замкнене. Поїхав додому до Чернігова, а там вже &laquo;Десна&raquo; запропонувала пограти за них, після чого я повернувся знову до Польщі.</p>\r\n\r\n<p><strong>Далі була &laquo;Полонія&raquo; і ЗМІ в той час писали, що ви покликані врятувати цю команду, адже вона перебувала на 14 місці. Також писали, що ви швидко стали лідером оборони. Як оцінюєте свій виступ за &laquo;Полонію&raquo;?</strong></p>\r\n\r\n<p>Я ще був у Чернігові, як мені подзвонив агент і запропонував &laquo;Полонію&raquo; (Битом), пізніше подзвонив і сам тренер Міхал Пробєж. Ми мали тоді сильний склад, також додалися новачки зі Словаччни. Пробєж доклав чи мало зусиль, кожен знав свою задачу на полі, тому за тур до кінця ми залишилися в Екстраласі (Ред. Вища футбольна ліга). Навіть, коли зараз буваю у Битому, то вболівальники впізнають і дякують. На Шльонську взагалі вболівальники чудові, тому дуже добре згадую ці моменти.</p>\r\n\r\n<p><strong>Після ви перебралися до німецької &laquo;Енергії&raquo;, проте не догравши до кінця контракту ви пішли з клубу. ЗМІ писали, що вам тяжко давався німецький футбол, яка ваша думка відносно цього?</strong></p>\r\n\r\n<p>Коли я перебував в розташуванні &laquo;Полонії&raquo; я знав, що за мною стежать керівники німецької команди. Після переходу до &laquo;Енергії&raquo; ми грали в Бундеслізі, мали шанси залишитися у вищій лізі, але програли в останньому матчі і вилетіли до першої. Головний тренер покинув команду, а новий не бачив мене в складі. Хоча я зіграв після цього 4-5 матчів і забив гол, але тренер мав інші плани щодо команди і не хотів мати легіонерів. Взагалі міг далі грати у німецькому чемпіонаті. Найважче було вивчити німецьку, тому що я не міг найти спільну мову з тренером.</p>\r\n\r\n<p><strong>Перед переходом до &laquo;Чорноморця&raquo;, ви говорили, що не потрапляєте до команд української Прем&rsquo;єр Ліги, тому що про вас ніхто не знає. Власне &laquo;Чорноморці&raquo; це стало реальністю.</strong></p>\r\n\r\n<p>Перебуваючи в Німеччині я отримав пропозицію від Романа Григорчука, який очолював першоліговий &laquo;Чорноморець&raquo; і повідомив, що планує вивести команду до Прем&rsquo;єр Ліги. Одеса завжди була відомою маркою в Україні, тому я погодився. Багато залишилося приємних спогадів, ми вийшли тоді до Прем&rsquo;єр Ліги, будувався новий стадіон і я бачив, що в команди велике майбутнє. Тренер також завжди був з командою, яка зробила правильний вибір запросивши Григорчука і пізніше це було помітно. Він зробив для Одеси і &laquo;Чорноморця&raquo; багато чого.</p>\r\n\r\n<p>Не вдалося пограти там більше, тому що після закінчення половини чемпіонату я травмував спину. Після цього ми розійшлися, я вже не тренувався і нічим не міг допомогти команді. Тоді я повернувся додому і хотів завершувати кар&rsquo;єру, адже здоров&rsquo;я давало про себе знати.</p>\r\n\r\n<p><strong>Власне в цей час ви одружилися з відомою футболісткою Ольгою Соколенко. Родина зараз підтримує вас тут чи перебуває в Україні?</strong></p>\r\n\r\n<p>Моя дружина займалася професійним футболом, ставала неодноразовою чемпіонкою в складі &laquo;Легенди&raquo; та грала у збірній України. Коли я перейшов до &laquo;Полонії&raquo;, то забрав її з собою і вона виступала за &laquo;Унію&raquo;, де також кілька раз ставала чемпіонкою. Ольга завжди була тут зі мною, але коли народилася дочка &mdash; дружина закінчила кар&rsquo;єру. Пізніше зіграла кілька сезонів у &laquo;Легенді&raquo;. Маємо доньку і сина. Зараз я в Ярославі, вони в Чернігові, але планую перевезти їх сюди.</p>\r\n\r\n<p><strong>Після &laquo;Чорноморця&raquo; ви зіграли в аматорському чемпіонаті України і вирушили на перегляд до польської &laquo;Корони&raquo;. Тоді з вами проходив перегляд Пилипчук, але так вийшло, що ви не досягли згоди з командою.</strong></p>\r\n\r\n<p>Телефоном я дістав пропозицію від головного тренера &laquo;Корони&raquo;, проте коли прибув до команди &mdash; прийшов іспанський спеціаліст. Він не бачив раніше моєї гри і після кількох тренувань мені повідомили, що я не підходжу команді. Гадаю, якби залишився тренер, то все склалося б по-іншому. Я задоволений тим, що в Пилипчуку вийшло закріпитися у складі і взагалі радію за українців, які тут грають. Хоча є проблема з лімітом на легіонерів. З багатьма хлопцями з нижчих ліг Підкарпаття підтримую зв&rsquo;язок.</p>\r\n\r\n<p><img alt="" src="http://prostir.pl/wp-content/uploads/2017/03/17028979_1247920808634173_1269280704_n.jpg" style="height:280px; width:498px" /></p>\r\n\r\n<p><strong>Ви грали і в третій польській лізі в &laquo;Моторі&raquo; та &laquo;Ярославі&raquo;, на сьогодні ви є граючим тренером четвертолігової &laquo;Вьонзовниця&raquo;. Відчуваєте, що можете ще пограти вище четвертої ліги?</strong></p>\r\n\r\n<p>Я мав пропозицію з другої ліги, проте вирішив для себе, що краще перейти до четвертої, де запропонували бути граючим тренером. Маючи 34 роки вже в перспективі планую завершувати кар&rsquo;єру гравця. Треба щось змінювати і йти далі, тому вирішив себе спробувати в ролі тренера. &laquo;Вьонзовниця&raquo; допомагає мені з проходженням курсу тренера, за що я їм дуже вдячний. З командою підписана умова на пів-року, якщо буде все добре, то будемо говорити з керівництвом і вирішувати долю.</p>\r\n\r\n<p><strong>Як дається тренерська справа і навчання?</strong></p>\r\n\r\n<p>Коли я перейшов до &laquo;Ярослава&raquo;, то хотів спробувати тренувати дітей. Мені запропонували групу 2008&mdash;09 року народження і я почав тренувати дітей з Бартком Ліняком. Вони перший раз себе спробували в футболі, а ми в тренерстві. З часом група збільшувалась, зараз вже налічує 45 вихованців. Проте, відомо, що для них це зараз забава, коли вони після школи приходять пограти в футбол.</p>\r\n\r\n<p>Вирішив пройти курс, тому що давно цього хотів. Коли грав у різних командах &ndash; часто записував порядок проведення тренування і аналізував, як колись тренувалися і як зараз. З курсів теж багато дізнався, нових методів тренувань. Зараз я намагаюся випробувати це на практиці в клубі. Із задоволенням виконую обов&rsquo;язки тренера, будую порядок тренування, аби хлопці позитивно відносилися до цього. Не всі мають професійні контракти і після роботи та навчання приходять на тренування &mdash; це важко прийти і віддатися на сто відсотків.</p>\r\n\r\n<p><strong>Після вашого приходу на посаду тренера &laquo;Вьонзовниці&raquo;, що змінилося в тактичному плані в команді?</strong></p>\r\n\r\n<p>По-перше, я хотів би подякувати колишньому тренеру Богуславові Шержензі, який три роки присвятив &laquo;Вьонзовниці&raquo; і залишив команду на досить високому рівні, як на четверту лігу. Разом з тренером з команди пішли двоє гравців, тому на їх місце ми запросили двох молодих футболістів &laquo;Ресовії&raquo; і Кацпера Ропу з &laquo;Ярослава&raquo;. Ми маємо сильний склад, молодих футболістів, які хочуть проявити себе. Гравці з &laquo;Ресовії&raquo; перебувають у нас в аренді і через пів-року повернуться назад до Ряшева.</p>\r\n\r\n<p><strong>Як відомо місцева влада підтримує &laquo;Вьонзовніцу&raquo;, чи достатньо?</strong></p>\r\n\r\n<p>Керівництво нашого клубу співпрацює з владою і ми вдячні їм. Ми маємо гарний стадіон, запасне поле, зараз тренуємося в залі і на орліку (Ред. мале футбольне поле), як на рівень четвертої ліги цього достатньо. Всі товариську зустрічі ми граємо на штучному полі в Ряшеві. На скільки мені відомо, ґміна нас підтримує &mdash; нещодавно придбали мікроавтобус для клуба, було поставлене табло і планується встановити освітлення на весь стадіон.</p>\r\n', '2017-03-08', 'files/football_pixabay_.jpg', 'Wladyslaw Cowma', 1, 0),
(54, 'ІПН про присутність прихильників «ДНР» у Перемишлі: питання сепаратизму поза нашою компетенцією', 'Марш Орлят проходить щорічно у Перемишлі під патронатом президента міста Перемишля та Інституту Національної Пам’яті у Ряшеві та інших організацій. Попри патріотичний характер події, цього року не обійшлося без провокаційних гасел. ', '<p>Марш Орлят проходить щорічно у Перемишлі під патронатом президента міста Перемишля та Інституту Національної Пам&rsquo;яті у Ряшеві та інших організацій. Попри патріотичний характер події, цього року не обійшлося без провокаційних гасел<strong>. ПРОстір звернувся за коментарем до Інституту Національної Пам&rsquo;яті у Ряшеві</strong>, який так само прийняв патронат над маршем.</p>\r\n\r\n<p><em>&mdash; Інститут Національної Пам&rsquo;яті в Ряшеві взяв патронат над маршем Орлят у Перемишлі пам&rsquo;яті героїв львівських і перемиських Орлят до 89-ої річниці битви під Нижанковичами. У цій битві загинули розвідники і учні з Перемишля і околиць. Перед маршем відбулася костельна служба на честь жертв,</em>&nbsp;&mdash; коментує ситуацію Даріуш Бишук, голова Архівного відділу ІПН у Ряшеві.</p>\r\n\r\n<p>Бишук завірив, що організатори повідомили ІПН про патріотично-навчальний характер події. Проте перед маршем інституція не мала інформації про те, що будуть вживатися антиукраїнськи вигуки.&nbsp;<em>&mdash; Позиція Інституту така: не варто вважати бандерівців за весь український народ, адже вони теж мають відношення до загибелі багатьох українців і в своєму суспільстві їх по-різному трактують, про що говорить, наприклад, професор Віктор Поліщук чи благословенний єпископ Григорій Хомишин.</em></p>\r\n\r\n<p>Голова Архівного Відділу також наголосив, що Інститут Національної Пам&rsquo;яті приймає патронат над подіями, які популяризують історію Польщі та її героїв.&nbsp;<em>&mdash; Марш завжди закінчується згадуванням жертв братовбивчого польсько-українського конфлікту та інших його жертв, без огляду на національність.</em></p>\r\n\r\n<p>Щодо зв&rsquo;язків різних польських націоналістичних кіл з сепаратистами так званих &laquo;ДНР/ЛНР&raquo; Інститут повідомив, що це не в його компетенції.&nbsp;<em>&mdash; Варто звернути увагу на те, що питання сепаратизму &mdash; це виключно проблема внутрішніх взаємин інших держав, які знаходяться поза компетенцією і інтересами Інституту Національної Пам&rsquo;яті</em>, &mdash; говорить Даріуш Бишук.</p>\r\n\r\n<p>Нагадаємо, 10 грудня в Перемишлі націоналістські організації, серед яких: &laquo;Всепольська молодь&raquo; (пол. &mdash; &laquo;Młodzież Wszechpolska&raquo;) та &laquo;Національно-радикальний табір&raquo; (пол. &mdash; &laquo;Ob&oacute;z Narodowo-Radykalny (ONR)&raquo;), організували Марш перемиських і львівських орлят, присвячений пам&rsquo;яті молодих мешканців Перемишля і Львова, котрі загинули у 1918 році. За словами організаторів, у марші взяла участь приблизно 1 тис. осіб.</p>\r\n\r\n<p>Генеральне консульство України у Люблині та Об&rsquo;єднання українців у Польщі звернулися до представників польської влади із проханням розслідувати заклики до ненависті на національному ґрунті. Основою для цього став опублікований в інтернеті відеозапис, виконаний, імовірно, з вікна Українського народного дому в Перемишлі. Саме на цьому записі чути викрик &laquo;Смерть українцям&raquo;.</p>\r\n', '2016-12-21', 'files/2012.01.13.004-640x320.jpg', 'Wladyslaw Cowma', 2, 0),
(55, 'Спектакль на основі українського оповідання покажуть у Ряшеві', 'У Ряшеві на початку листопада відбувається фестиваль «Джерела пам’яті», присвячений відомим культурним діячам Підкарпаття: Єжи Ґротовському, Юзефові Шайні та Тадеушеві Кантору. Серед багатьох вистав буде представлений спектакль «Сестра сестрі».', '<p>У Ряшеві на початку листопада відбувається фестиваль &laquo;Джерела пам&rsquo;яті&raquo;, присвячений відомим культурним діячам Підкарпаття: Єжи Ґротовському, Юзефові Шайні та Тадеушеві Кантору. Серед багатьох вистав буде представлений спектакль &laquo;Сестра сестрі&raquo;.</p>\r\n\r\n<p>Вищезгаданий спектакль виник в результаті польсько-української співпраці на основі оповіданнь української есеїстки Оксани Забужко з книжки &laquo;Сестра, сестра&raquo;.</p>\r\n\r\n<p>Фабула українського &laquo;Оповідання про калинову сопілку&raquo; наближена до балади. Сільський реалізм змішаний з загадковими надприродними силами і магією. Драма двох сестер виходить далеко поза родинні суперечки.</p>\r\n\r\n<p>Акторки Єва Мручинська і Наталія Здунь, за допомогою кількох реквізитів, приближують глядачів до історії Оленки і Калини та їх проблемних відносин, що перебувають між любов&rsquo;ю і ненавистю.</p>\r\n\r\n<p>Спектакль буде представлений 6 листопада на великій сцені театру &laquo;Маска&raquo; о 19:00. Звичайний квиток коштує 20 зл., а для організованих груп (мін. 10 осіб) &mdash; 18 зл./особа. Також можна купити квиток онлайн &mdash; teatrmaska.pl, або зарезервувати за номерами: (17) 85 20 614, 85 01 360.</p>\r\n', '2016-12-04', 'files/14958513_1131865770239678_1246967886_n.jpg', 'Wladyslaw Cowma', 4, 0),
(56, '«Вишеградська група» в Ряшеві: Солідарність з Україною', '«Вишеградська група», до складу якої входять Чехія, Угорщина, Польща та Словаччина, провели робочу зустріч у столиці Підкарпаття. Зокрема, була висловлена готовність підтримки України у питанні енергетики.', '<p>&laquo;Вишеградська група&raquo;, до складу якої входять Чехія, Угорщина, Польща та Словаччина, провели робочу зустріч у столиці Підкарпаття. Зокрема, була висловлена готовність підтримки України у питанні енергетики.</p>\r\n\r\n<p>У саміті брали участь президенти вищезгаданих країн, зокрема президент Польщі Анджей Дуда. Також був присутній комісар ЄС з питань енергетичної політики Марош Шевчович.</p>\r\n\r\n<p>15 жовтня, на другий день робочої зустрічі президенти &laquo;Вишеградської групи&raquo; обговорювали, між іншим, питання енергетичної незалежності, а саме питання газу.</p>\r\n\r\n<p>Анджей Дуда переконував, що країни-члени &laquo;четвірки&raquo;, без виключення, виступають проти побудови &laquo;Північного Потоку 2&raquo;, який мав би пройти через Балтійське море, від Росії &mdash; до Німеччини.&nbsp;<em>&mdash; Усі президенти безперечно проти економічної підтримки для такої інвестиції. Натомість ми вважаємо, що вона має політичний характер</em>,&nbsp;<em>&mdash;</em>передає слова Дуди&nbsp;<a href="http://www.radio.rzeszow.pl/informacje/50325/prezydenci-grupy-wyszehradzkiej-o-gazowym-rynku-europy" target="_blank">Польське Радіо</a>. Президент Польщі також додав, що побудова &laquo;Північного Потоку 2&raquo; завадить стабільності та конкуренції на європейському ринку газу.</p>\r\n\r\n<p>Віце-прем&rsquo;єр Європейської Комісії у справах енергетичного союзу Марош Шевчович підтримав ідею президента Словаччини і запропонував створити групу для дискусії для вирішення питання постачання газу між країнами &laquo;Вишеградської четвірки&raquo;.&nbsp;<em>&mdash; Ми маємо задуматися над тим, як вдосконалити енергетичну інфраструктуру країн-членів &laquo;четвірки&raquo; та як отримати допомогу з бюджету ЄС,&nbsp;</em><em>&mdash;</em>&nbsp;підкреслив Шевчович. Віце-прем&rsquo;єр не оминув і тему допомоги для України. Він озвучив ідею створення нового енергетичного права та співпрацю з підприємством &laquo;Нафтогаз України&raquo;.&nbsp;<em>&mdash; Я підтримую будь-які ініціативи, які спрямовані для того, щоб у наступних роках газ транспортований через Україну був доступний, як це було і до тепер. Український уряд може розраховувати на підтримку зі сторони ЄС у енергетичних питаннях,&nbsp;</em><em>&mdash;</em>запевнив Шевчович.</p>\r\n\r\n<p>Президент Словаччини, Андрей Кіска, позитивно сприйняв ініціативу Польщі в газопостачанні різними шляхами.&nbsp;<em>&mdash; Звісно, що ми не можемо весь час бути залежними від російського газу, &mdash;</em>&nbsp;приводить слова президента Словаччини&nbsp;<a href="http://www.radio.rzeszow.pl/informacje/50325/prezydenci-grupy-wyszehradzkiej-o-gazowym-rynku-europy" target="_blank">Польське Радіо</a>. Він також додав, що вигідно було б об&rsquo;єднати газові шляхи, щоб можна було швидко постачати один одному товар.</p>\r\n\r\n<p>Мілош Земан, президент Чехії, звернув увагу на обов&rsquo;язок країн &laquo;Вишеградської четвірки&raquo; взаємного забезпечення місць праці. Також Земан пригадав, на його думку, позитивний крок у справі біженців, коли &laquo;четвірка&raquo; виразила протест квотам, які визначив ЄС.</p>\r\n\r\n<p>Щодо президента Угорщини, то він здебільшого згадував початок створення &laquo;Вишеградської четвірки&raquo; у 1991 році та її успіхи. Наголосив те, що найважливішим на сьогодні для країн-членів групи є безпека.</p>\r\n\r\n<p>Нагадаємо, що в жовтні 2016 НАК &laquo;Нафтогаз України&raquo;&nbsp;<a href="http://www.epravda.com.ua/news/2016/10/21/608645/" target="_blank">планував імпортувати</a>&nbsp;1,3-1,4 млрд куб. природного газу з Європи.</p>\r\n', '2016-10-21', 'files/14799920_1118924068200515_1830343743_o-1024x563.jpg', 'Wladyslaw Cowma', 2, 1),
(57, 'РЕПОРТАЖ: Як Україна «розгромила» Косово у Кракові і з чим були проблеми', 'Національна збірна України з футболу перервала свою серію без перемог, яка тривала 6 матчів. Після двох нічийних результатів у матчах проти ісландців та турків, наша збірна протистояла команді молодої республіки Косово.', '<p><strong>Національна збірна України з футболу перервала свою серію без перемог, яка тривала 6 матчів. Після двох нічийних результатів у матчах проти ісландців та турків, наша збірна протистояла команді молодої республіки Косово. Третій матч кваліфікаційного раунду Чемпіонату Світу з футболу 2018 року, який пройшов у Кракові, закінчився розгромом для косовців &mdash; 3:0.</strong></p>\r\n\r\n<p>Мабуть вперше сталася така непередбачувана ситуація, коли збірна України мала грати з невизнаною українським урядом республікою, яка потрапила до групи українців. ФФУ, на щастя, спромоглася, протягом декількох днів,&nbsp;<a href="http://prostir.pl/%D0%B7%D0%B1%D1%96%D1%80%D0%BD%D0%B0-%D1%83%D0%BA%D1%80%D0%B0%D1%97%D0%BD%D0%B8-%D0%B2%D1%81%D0%B5-%D0%B6-%D0%B7%D1%96%D0%B3%D1%80%D0%B0%D1%94-%D0%B7-%D0%BA%D0%BE%D1%81%D0%BE%D0%B2%D0%BE-%D1%83-%D0%BA/" target="_blank">організувати матч на нейтральному полі</a>&nbsp;у Польщі, таким чином відмовившись від його проведення у Болгарії, або Туреччині.</p>\r\n\r\n<p>&nbsp;</p>\r\n\r\n<p><strong>Питання квитків</strong></p>\r\n\r\n<p>За день до матчу кілька десятків вболівальників &laquo;пікетували&raquo; каси стадіону ім. Пілсудського, але все було марно: міська влада дозволила проводити зустріч в присутності 999 осіб, включаючи офіційних представників обох команд. Дізнавшись про це федерація припинила продаж квитків в Інтервнеті, яких було продано лише кілька десятків. Вже в день матчу зранку біля кас залишалися вболівальники з надією, що все ж вдасться потрапити на матч. Між собою вони навіть сформували список з 200 людей і чекали квитків, які ФФУ їм начебто пообіцяла подарувати о 16:00. Все це виглядало малообіцяюче, проте підтримка була забезпечена і на матч вдалося пробратися більшості. Вболівальників Косова було значно меньше, але вони теж були присутні &mdash; дехто, навіть, з прапорами Албанії.</p>\r\n\r\n<p>&nbsp;</p>\r\n\r\n<p><strong>Бригада арбітрів</strong></p>\r\n\r\n<p>Матч обслуговувала бригада арбітрів з Нідерландів на чолі з 42-річним рефері Кевіном Бломом. Асистенти арбітра &mdash; Патрік Лангкамп та Бас ван Донген.</p>\r\n\r\n<p>Блом у минулому вже обслуговував матч за участі збірної України у 2010-му році, коли національна команда під керівництвом Мирона Маркевича обіграла збірну Норвегії з мінімальним рахунком 1:0. Забитим м&rsquo;ячем відзначився Роман Зозуля.</p>\r\n\r\n<p><img alt="" src="http://prostir.pl/wp-content/uploads/2016/10/14699772_1109233049169617_424242845_n.jpg" style="height:639px; width:960px" /><img alt="" src="http://prostir.pl/wp-content/uploads/2016/10/14696986_1109233052502950_825318698_n.jpg" style="height:625px; width:960px" /><img alt="" src="http://prostir.pl/wp-content/uploads/2016/10/14696889_1109233229169599_1396515637_n.jpg" style="height:575px; width:960px" /><img alt="" src="http://prostir.pl/wp-content/uploads/2016/10/14686560_1109233235836265_588576199_n.jpg" style="height:639px; width:960px" /><img alt="" src="http://prostir.pl/wp-content/uploads/2016/10/14658359_1109233095836279_624444971_n.jpg" style="height:639px; width:960px" /></p>\r\n\r\n<p><strong>Гра</strong></p>\r\n\r\n<p>До протистояння з Косово українська збірна здобула два очки: зігравши внічию з ісландцями 1:1 та турками 2:2. Щодо збірної Косово, то вони спромоглися здобути очко на полі фінів &mdash; 1:1, та розгромно програли хорватам 0:6.</p>\r\n\r\n<p>Якщо говорити про склад України, то Андрій Шевченко нічого в цьому плані не змінив у порівнянні з попередньою грою проти Туреччини. &laquo;На жовтих&raquo; картках перебували: Соболь, Кучер, Ордець та Степаненко.</p>\r\n\r\n<p><strong><em>Україна:</em></strong><em>&nbsp;П&rsquo;ятов, Соболь-Кучер (К)-Ордець-Бутко, Коноплянка-Степаненко-Коваленко-Ярмоленко, Кравець (Зозуля, 84&rsquo;)-Зінченко (Ротань, 63&rsquo;).</em></p>\r\n\r\n<p><strong><em>Косово:</em></strong><em>&nbsp;Уйкані (К), Пакуарада-Пніші-Ррахмані-Пердедай (Сулеймані, 77&rsquo;), Меха (Беріша,55&rsquo;)-Крейзи, В. Беріша-Шала-Рашица (Зенелі, 66&rsquo;), Мурічі.</em></p>\r\n\r\n<p><em>Попередження: Беріша (20&rsquo;), Крейзи (82&rsquo;).</em></p>\r\n\r\n<p><em>Голи: Кравець (31&rsquo;), Ярмоленко (81&rsquo;), Ротань (87&rsquo;).&nbsp; &nbsp;</em></p>\r\n\r\n<p>На початку гри м&rsquo;яч переходив від однієї команди &mdash; до іншої. Лише на 23 хв. Степаненко прострілив з лівого флангу на Кравця, той відпасував на Коноплянку, той пробив, але м&rsquo;яч зрізався з ноги і покотився біля штанги. Далі ситуація на 28-ій хв. за участю Богдана Бутка &mdash; він прострілив справа і Кравець, який відзначився в Туреччині, не замкнув передачу ногою в падінні.</p>\r\n\r\n<p>Не забарилась і відповідь косовців: на 30-ій хв. Рашица набрав швидкість правим флангом, біля центрального кола, проходить Ордеця в центрі карного майданчика і завдає удару &mdash; перед собою відбиває П&rsquo;ятов, а Мурічі на добиванні не мав можливості &mdash; асистент фіксує положення &laquo;поза грою&raquo;. Відразу, після цього, збірна України забиває перший гол: Зінченко отримав пас у центрі поля, віддав на хід Кравцю &mdash; Артем пробивав в дальній кут воріт і йому допомагає мінімальний рикошет Ррахмані &mdash; 1:0. Під кінець першого тайму по моменту мали Ярмоленко і Зінченко. На 39-ій Андрій Ярмоленко сам пройшов правим флангом і у своєму стилі пробив під поперечину &mdash; відбиває колишній голкіпер збірної Албанії Самір Уйкані, кутовий. Зінченко, на 42-ій хв., пробивав після зкидки від Коваленка, але прямо по центру воріт &mdash; воротар Косова забрав кулястого до рук.</p>\r\n\r\n<p>Початок другої половини зустрічі запам&rsquo;ятався моментом з непризначеним пенальті у ворота гостей. Богдан Бутко на 57-ій хв. матчу отримав довгу передачу, правим флангом зайшов до карного майданчика суперників, прокинув м&rsquo;яч собі на хід, але захисник наступив йому на ногу. Проте арбітр Кевін Блом цього не помітив, як і його асистент.</p>\r\n\r\n<p>По ходу матчу було ще дві ситуації, коли були підстави призначати 11-метровий для української збірної. Перший з них виник на 61-ій хв.: Коноплянка обігрався з Зінченком, той віддав на хід Євгену до карного майданчика, де Рашица збив його у підкаті не граючи у м&rsquo;яч. Далі була відповідь &laquo;косоварів&raquo;, на цій самій хвилині: Шала отримав пас у вільну зону на правому фланзі, наблизився до воріт і під гострим кутом пробив, але П&rsquo;ятов ногами зміг перевести удар на кутовий.</p>\r\n\r\n<p>На 63-ій Шевченко проводить першу заміну: на поле виходить досвідчений Ротань замість молодого Зінченка. Через 10 хвилин це дає свої результати &mdash; Ротань навішує зліва на Кравця, а той з-за меж карного майже пробиває в дальню &laquo;дев&rsquo;ятку&raquo; воріт суперника.</p>\r\n\r\n<p>76-та та 77-ма хвилини стала небезпечними для українців: в першому епізоді, під-час удару по воротах нашої збірної, м&rsquo;яч потрапив у притиснуту до тіла руку Ордеця, проте вона була у &laquo;природньому положенні&raquo; і гра продовжилась. В іншому моменті, після подачі справа до воротарського майданчика українців, замикав Беріша &mdash; удар прийшовся на поперечину.</p>\r\n\r\n<p>Після цього, на 81-ій хв., дала свої плоди заміна Караваєва, який обійшов зліва захисника, дійшов до лінії воріт і зробив чудову передачу на Ярмоленка &mdash; Андрій легко прийняв на одну ногу, а пробив іншою &mdash; 2:0. Наприкінці основного часу, це 86-та хв., Ярмоленко асистує з правого флангу на вільного Ротаня, що стояв перед карним майданчиком &laquo;косоварів&raquo; і той, не роздумуючи, з лівої б&rsquo;є у дальню дев&rsquo;ятку &mdash; Уйкані не мав можливості відбити цей м&rsquo;яч, 3:0.</p>\r\n\r\n<p>&nbsp;</p>\r\n\r\n<p><strong>Післяматчеві коментарі</strong></p>\r\n\r\n<p>Андрій Шевченко, головний тренер національної збірної України:</p>\r\n\r\n<p><em>&laquo;Найважливішим чинником нашої перемоги сьогодні стали реалізовані та створені моменти. Косово може здивувати, мені було приємно спостерігати за самовідданістю суперника, вони мали шанси забити нам. На мою думку ми маємо якомога швидше навчитися правильно розраховувати свої сили і вміння контролювати м&rsquo;яч саме в той момент, коли це потрібно. Звісно, коли є потреба у прискоренні гри, то її треба прискорювати. На жаль часто в нас не виходить поєднувати це, через що наша команда втрачає багато сил. Всюди має бути раціональність в діях&raquo;.</em></p>\r\n\r\n<p>Альберт Бун&rsquo;яку, головний тренер національної збірної Косова:</p>\r\n\r\n<p><em>&laquo;Ми мали шанси зрівнювати рахунок, після того, як пропустили один м&rsquo;яч, але Рашица його не використав. Пізніше Пердедай отримав травму і ми змушені були його замінити. Після чого ми намагалися грати низом на Мурічі. Звісно ми знаємо, що команда суперника в гарній формі, тому ми дуже багато уваги приділили захисту у сьогоднішньому матчі, і чекали на свій шанс. Ми знали, що шанси будуть. Проте сьогодні такі шанси отримувала Україні і їх використала сповна. Для нашої молодої команди це є добрим початком. Є над чим працювати, є багато позитиву&raquo;.</em></p>\r\n\r\n<p>Таким чином збірна команда України з футболу набрала вже 5 очок у групі &laquo;І&raquo; і перебуває на третій сходинці у турнірній таблиці. Лідирує Хорватія з 7-ма очками, за ними, з такою самою кількістю пунктів, Ісландія. У низах &laquo;турнірки&raquo; знаходиться Турція &mdash; 2 очки, та Косово і Фінляндія &mdash; по 1 заліковому пункту.</p>\r\n', '2016-10-19', 'files/14657698_1109233099169612_1841254830_n.jpg', 'Wladyslaw Cowma', 1, 0);
INSERT INTO `news_posts` (`id`, `post_title`, `post_description`, `post_content`, `post_date`, `post_image`, `post_author`, `post_category`, `post_commentary_count`) VALUES
(58, 'Розпочата нова програма прикордонної співпраці «Польща—Україна—Білорусь»', 'Незабаром розпочнеться реалізація чергової «Програми Прикордонної Співпраці Польща—Україна—Білорусь», проект був розрахований на 2014—2020 роки.\r\n', '<p>Незабаром розпочнеться реалізація чергової &laquo;Програми Прикордонної Співпраці Польща&mdash;Україна&mdash;Білорусь&raquo;, проект був розрахований на 2014&mdash;2020 роки.</p>\r\n\r\n<p>Міністерство розвитку Польщі нещодавно оголосило про розклад подій, на яких представники трьох країн будуть мати можливість отримати гранти від європейських фондів на реалізацію спільних проектів. Перший прийом заявок розпочнеться від 11 жовтня.</p>\r\n\r\n<p>Один грант містить близько 81 млн. євро. Найбільше, 28 млн. від суми, передбачені витрати на покращення доступності регіонів, розвиток транспорту та мережі і системи комунікації. Для підвищення рівня безпеки на кордонах та управління мобільністю і міграціями виділено близько 24 млн. євро. Щодо викликів, пов&rsquo;язаних з безпекою і охороною, то на це передбачено біля 15 млн., стільки ж на популяризацію локальної культури та збереження історичної спадщини.</p>\r\n\r\n<p>Відбір учасників відбудеться в два етапи: спочатку будуть оцінені концепції проектів, які можна подати до 31 грудня.</p>\r\n\r\n<p>Найкращі з них будуть запрошені до другого туру, де сформується повний запит на фінансову допомогу. Максимальна допомога, яку ЄС зможе приділити на один проект &ndash; 2,5 млн. євро.</p>\r\n\r\n<p>Нагадаємо, в рамках допомоги з минулого проекту був збудований прикордонний пункт пропуску &laquo;Грушів&mdash;Будомєж&raquo; на українсько-польському кордоні.</p>\r\n', '2016-10-04', 'files/shutterstock_264346304-1024x669.jpg', 'Wladyslaw Cowma', 2, 0),
(59, 'Вперше форум «Європа — Україна» відбудеться біля Ряшева', 'Підкарпаття вперше буде господарем такої події. Форум матиме місце 22—24 січня. Про це стало відомо під час проведення Економічного Форуму в Криниці, там був підписаний відповідний договір між маршалком Підкарпаття Владиславом Ортилом та головою Програмної ради Інституту східних досліджень Зигмундом', '<p>Підкарпаття вперше буде господарем такої події. Форум матиме місце 22&mdash;24 січня. Про це стало відомо під час проведення Економічного Форуму в Криниці, там був підписаний відповідний договір між маршалком Підкарпаття Владиславом Ортилом та головою Програмної ради Інституту східних досліджень Зигмундом Бердиховським.</p>\r\n\r\n<p>Маршалек Владислав Ортил в інтерв&rsquo;ю Польському радіо запевнив, що така подія сприятиме зміцненню співпраці з Україною у сфері економіки:</p>\r\n\r\n<p>&laquo;На мою думку форум має стати місцем для обміну досвідом та розмов щодо майбутніх стосунків між ЄС та Україною&raquo;.</p>\r\n\r\n<p>Вже вдесяте організовується подія, цього разу вона відбудеться під Ряшевом, на території аеропорту &laquo;Жешув-Яшьонка&raquo; у Виставково-Конгресовому центрі. Попередні конференції були організовані у Вроцлаві, Києві, Будапешті і Бухаресті та інших містах Європи. Умова підписана в Криниці передбачає проведення чотирьох наступних конференцій на Підкарпатті.</p>\r\n\r\n<p>Форум &laquo;Європа&mdash;Україна&raquo; був вперше проведений у 2007 році, від того часу конференцію щороку організовує Інституту східних досліджень. Під час конференції обговорюється, зокрема, процес модернізації України та реформи, проблематика міжнародної безпеки, національних меншин та культури.</p>\r\n\r\n<p>Під час останнього Економічного форуму в Криниці окремо була приділена увага Україні. Проводилися дебати, презентації та вручення спеціальної нагороди Економічного форуму народу України, який боровся за свою свободу на Майдані. Лех Валенса передав цю нагороду письменникові та учасникові тих подій Сергію Жаданові.</p>\r\n', '2016-11-09', 'files/14330957_1083397531753169_1469580955_n.jpg', 'Wladyslaw Cowma', 4, 0),
(60, '«DaKooka»: Було тихо, а я люблю, коли хочуть почути', 'Гурт, який набрав популярності після випуску у минулому році свого першого альбому. «DaKooka» — це його назва. В березні минув рік, як вони випустили першу платівку «Radha» — назва на честь індійського Бога. Саме культурою цієї країни захоплюється лідерка гурту Катерина Єременко.', '<p><em>Гурт, який набрав популярності після випуску у минулому році свого першого альбому. &laquo;</em><em>DaKooka</em><em>&raquo;</em>&nbsp;<em>&mdash; це його назва. В березні минув рік, як вони випустили першу платівку &laquo;</em><em>Radha</em><em>&raquo; &mdash; назва на честь індійського Бога. Саме культурою цієї країни захоплюється лідерка гурту Катерина Єременко. Певного стилю музики група немає, використовуються інді-рок, тріп-хоп, реґґі та ін. А назва, кому цікаво, походить від прізвиська Каті &mdash; &laquo;Кука&raquo;. Цього року гурт випустив другий альбом &laquo;ЄРОСЬ&raquo;. На початку травня група побувала у країнах Балтії, а 13 числа &laquo;</em><em>DaKooka</em><em>&raquo; завітала і до Ряшева.&nbsp;<strong>ПРОстір</strong>&nbsp;поспілкувався з Катериною Єременко відразу після концерту.</em></p>\r\n\r\n<p><strong>ПРОстір: Як тобі концерт? Знову ти виступила у пабі, хоча ти, як мені відомо, не полюбляєш ці заклади.</strong></p>\r\n\r\n<p><strong>Катерина:</strong>&nbsp;Якщо говорити про наші чернівецькі паби &mdash; то так. Я з цього власне і починала свою кар&rsquo;єру. У порівнянні з пабом у Ряшеві я задоволена, а ті я не дуже люблю. Я просто, знаєш як починала, співала фоном &mdash; фонова музика, розумієш? А коли це мої концерти &mdash; я все люблю і мені все подобається.</p>\r\n\r\n<blockquote>\r\n<p><strong><em>Тому що це мій персональний виступ і люди прийшли слухати музику, а не поїсти і випити &laquo;півасіка&raquo;. Тому все було ок, все класно. Особливо тут, у Ряшеві, все завжди вдається. Приходять люди, сідають і слухають, наче я перебуваю на якомусь іспиті (сміється). Було тихо, а я люблю, коли хочуть почути, що я говорю і передаю у піснях. І не треба їх про це просити, щоб робили щось тихіше: робити каву, або розбивати лід на барі.</em></strong></p>\r\n</blockquote>\r\n\r\n<p><strong>ПРОстір: Нещодавно ви були у країнах Балтії. Розкажи як там все пройшло і як ти сама такі переїзди?</strong></p>\r\n\r\n<p><strong>Катерина:</strong>&nbsp;Круто все пройшло. Взагалі там, де рівні дороги і немає ям, то я все нормально переживаю &mdash; я сплю постійно. Подорожуємо між країнами власним автом і на задньому сидінні я завжди сплю собі.</p>\r\n\r\n<p><strong>П.: Чому не презентували новий альбом на концертах у країнах Балтії?</strong></p>\r\n\r\n<p><strong>К. :</strong>&nbsp;Насправді представили, можливо я просто не згадувала про це під час концерту і не робила акцент на тому, що будуть нові пісні. Справа в тому, що для країн Балтії всі пісні були новими. Тобто мало людей прийшло послухати саме новий альбом &laquo;DaKook-и&raquo;.</p>\r\n\r\n<p><strong>П.: Така пісня, як &laquo;</strong><strong>Выходи из воды сухим&raquo;&nbsp;</strong><strong>пов&rsquo;язана з дуже з твоїми переживаннями, якщо не таємниця, з якими?</strong></p>\r\n\r\n<p><strong>К.:</strong>&nbsp;Це таємниця, так.</p>\r\n\r\n<p><strong>П.: Деякі виконавці говорять, що вони пишуть і співають в першу чергу для себе, як в твоєму випадку?</strong></p>\r\n\r\n<p><strong>К.:</strong>&nbsp;На сцені, як коли &mdash; залежить від настрою: іноді для себе, іноді для людей (сміється). Я жартую, звісно для себе, передусім це моя музика і я хочу, щоб мені вона подобалась. Проте, коли такі ситуація, як сьогодні з горлом, але ні, я теж старалася зробити максимально все, щоб я була впевнена в тому, що все &laquo;Ok-ей&raquo;. Хоча я не була в цьому впевнена до останньої пісні, тому що я хвора, я захворіла реально. Але я намагаюся контролювати все, для того аби все пройшло добре, хоча завжди намагаюся бути свідомою цього, проте ніколи не вдається. І це класно напевно. Я завжди стараюся бути кращою, взагалі стараюся бути нормальною на сцені, щоб я собі подобалась і тоді я точно буду подобатися людям. А якщо я намагаюся подобатися собі &mdash; це означає, що все в процесі.</p>\r\n\r\n<p><strong>П.: Нещодавно в березні ви відзначали річницю свого першого альбому &laquo;</strong><strong>Radcha</strong><strong>&raquo;. Які були очікування перед випуском альбому і чи справдилися вони?</strong></p>\r\n\r\n<p><strong>К. :</strong>&nbsp;Нічого не очікувала. Якби я щось очікувала, то це б виповнилося. Напевно, якби я писала альбом з очікуваннями, що за рахунок його випуску я стану відомою наприклад, або потраплю до якихось українських TOP-ів, або ж поїду на якийсь фестиваль &mdash; то я б так і думала &mdash; то це б усе збулося. Проте, насправді, я про щось подібне не думала і це все самостійно сталося. І я цьому радію.</p>\r\n\r\n<p><strong>П.: Завтра на вас чекає &laquo;</strong><strong>Razomfest</strong><strong>&raquo;, там теж представите свій новий альбом. Які очікування?</strong></p>\r\n\r\n<p><strong>К. :</strong>&nbsp;Моя хвороба на це вплине. Я очікую, що буде багато людей і вони нап&rsquo;ються та їм буде &laquo;пофіг&raquo;, що я там співаю (сміється). Жартую, насправді я хочу виздоровіти і нормально заспівати. Але я думаю, що все буде так, як і сьогодні. Я буду дуже сильно старатися, всі мене зрозуміють і скажуть: &laquo;Кука ти молодець, все &laquo;Ok-ей&raquo;, ми навіть не помітили, що ти захворіла. Ні-ні-ні&raquo; (сміється).</p>\r\n', '2016-06-06', 'files/13285762_1010914485668141_978868912_n.jpg', 'Wladyslaw Cowma', 3, 0);

-- --------------------------------------------------------

--
-- Структура таблицы `news_posts_files`
--

CREATE TABLE IF NOT EXISTS `news_posts_files` (
  `id` int(10) unsigned NOT NULL AUTO_INCREMENT,
  `parent_id` int(11) unsigned NOT NULL,
  `file_value` varchar(255) NOT NULL,
  `file_date` datetime NOT NULL,
  `category` tinyint(4) unsigned NOT NULL,
  PRIMARY KEY (`id`),
  KEY `parent_id` (`parent_id`),
  KEY `category` (`category`)
) ENGINE=InnoDB DEFAULT CHARSET=utf8 AUTO_INCREMENT=1 ;

-- --------------------------------------------------------

--
-- Структура таблицы `news_posts_images`
--

CREATE TABLE IF NOT EXISTS `news_posts_images` (
  `id` int(10) unsigned NOT NULL AUTO_INCREMENT,
  `parent_id` int(11) unsigned NOT NULL,
  `image_value` varchar(255) NOT NULL,
  `image_author` varchar(255) NOT NULL,
  `image_date` int(11) NOT NULL,
  `category` tinyint(3) unsigned NOT NULL,
  PRIMARY KEY (`id`),
  KEY `parent_id` (`parent_id`),
  KEY `category` (`category`)
) ENGINE=InnoDB DEFAULT CHARSET=utf8 AUTO_INCREMENT=1 ;

--
-- Ограничения внешнего ключа сохраненных таблиц
--

--
-- Ограничения внешнего ключа таблицы `news_commentary`
--
ALTER TABLE `news_commentary`
  ADD CONSTRAINT `news_commentary_ibfk_1` FOREIGN KEY (`post_id`) REFERENCES `news_posts` (`id`) ON DELETE CASCADE ON UPDATE CASCADE;

--
-- Ограничения внешнего ключа таблицы `news_posts`
--
ALTER TABLE `news_posts`
  ADD CONSTRAINT `news_posts_ibfk_1` FOREIGN KEY (`post_category`) REFERENCES `news_category` (`id_category`) ON DELETE CASCADE ON UPDATE CASCADE;

--
-- Ограничения внешнего ключа таблицы `news_posts_files`
--
ALTER TABLE `news_posts_files`
  ADD CONSTRAINT `news_posts_files_ibfk_1` FOREIGN KEY (`category`) REFERENCES `news_category` (`id_category`) ON DELETE CASCADE ON UPDATE CASCADE,
  ADD CONSTRAINT `news_posts_files_ibfk_2` FOREIGN KEY (`parent_id`) REFERENCES `news_posts` (`id`) ON DELETE CASCADE ON UPDATE CASCADE;

--
-- Ограничения внешнего ключа таблицы `news_posts_images`
--
ALTER TABLE `news_posts_images`
  ADD CONSTRAINT `news_posts_images_ibfk_1` FOREIGN KEY (`parent_id`) REFERENCES `news_posts` (`id`) ON DELETE CASCADE ON UPDATE CASCADE,
  ADD CONSTRAINT `news_posts_images_ibfk_2` FOREIGN KEY (`category`) REFERENCES `news_category` (`id_category`) ON DELETE CASCADE ON UPDATE CASCADE;

/*!40101 SET CHARACTER_SET_CLIENT=@OLD_CHARACTER_SET_CLIENT */;
/*!40101 SET CHARACTER_SET_RESULTS=@OLD_CHARACTER_SET_RESULTS */;
/*!40101 SET COLLATION_CONNECTION=@OLD_COLLATION_CONNECTION */;
